ABAP|Software
AJAX|Software
APL|Software
ASP.NET|Software
Adobe Illustrator|Software
Adobe Photoshop|Software
Aircrack (outil de test d’intrusion)|AI/ML
Ajax Framework|Software
Android (systèmes d’exploitation mobiles)|Data
Angular|Software
Ansible|DevOps
Apache Maven|Software
Apache Tomcat|Software
Assembly (programmation informatique)|Software
Backbox (outil de test d’intrusion)|AI/ML
BlackArch|AI/ML
BlackBerry|Data
C#|Software
C++|Software
CA Datacom/DB|Data
COBOL|Software
CSS|Software
Cain and Abel (outil de test d’intrusion)|AI/ML
Chef (outils de gestion de configuration logicielle)|Software
Cisco|Network
Codenvy|Software
CoffeeScript|Software
Common Lisp|Software
Compiler des enregistrements multipistes|AI/ML
DB2|Software
DevOps|DevOps
Drupal|Software
Eclipse (environnement de développement intégré)|Software
Erlang|Software
FileMaker (systèmes de gestion de base de données)|Software
GIMP (logiciel d’édition graphique)|Software
Groovy|Software
Hadoop|Data
Haskell|Software
IBM InfoSphere DataStage|Data
IBM InfoSphere Information Server|Software
IBM Informix|Software
IBM WebSphere|Software
Informatica PowerCenter|Software
Interaction homme-machine|Data
Interagir professionnellement dans des environnements de recherche et professionnels|Software
Internet des objets|Software
JSSS|Software
Java (programmation informatique)|Software
JavaScript|Software
JavaScript Framework|Software
Jenkins (outils de gestion de configuration logicielle)|Software
John The Ripper (outil de test d’intrusion)|AI/ML
Joomla|AI/ML
KDevelop|Software
Kali Linux|AI/ML
LDAP|Software
LESS|Software
LINQ|Software
Lisp|Software
MATLAB|Software
MDX|Software
ML (programmation informatique)|AI/ML
Maltego|AI/ML
MarkLogic|Software
Metasploit|AI/ML
Microsoft Access|Software
Microsoft Visio|Software
Microsoft Visual C++|Software
MySQL|Data
N1QL|Software
Nessus|AI/ML
Nexpose|AI/ML
NoSQL|Data
OWASP ZAP|AI/ML
ObjectStore|Software
Objective-C|Software
Octopus Deploy|Software
OpenEdge Advanced Business Language|Software
OpenEdge Database|Data
Oracle Application Development Framework|Software
Oracle Data Integrator|Data
Oracle Relational Database|Data
Oracle Warehouse Builder|Data
Oracle WebLogic|Software
PHP|Software
Parrot Security OS|AI/ML
Pascal (programmation informatique)|Software
Pentaho Data Integration|Data
Perl|Software
PostgreSQL|Data
Prolog (programmation informatique)|Software
Puppet (outils de gestion de configuration logicielle)|Software
Python (programmation informatique)|Software
QlikView Expressor|Software
R|Software
RGPD|AI/ML
Ruby (programmation informatique)|Software
SAP Data Services|Data
SAP R3|Software
SAS Data Management|Data
SAS language|Software
SPARK|Data
SPARQL|Software
SQL|Data
SQL Server|Data
SQL Server Integration Services|Data
STAF|Software
Salt (outils de gestion de configuration logicielle)|Software
Samurai Web Testing Framework|AI/ML
Sass|Software
Scala|Software
Scratch (programmation informatique)|Software
SketchBook Pro|Software
Smalltalk (programmation informatique)|Software
Solidity|Software
Swift (programmation informatique)|Software
Synfig|Software
THC Hydra|AI/ML
Teradata Database|Data
TripleStore|Software
TypeScript|Software
VBScript|Software
Vagrant|Software
Visual Basic|Software
Vyper|Software
WebCMS|Software
WhiteHat Sentinel|AI/ML
WildFly|Software
Wireshark|AI/ML
WordPress|Software
XQuery|Software
Xcode|Software
aborder des problèmes avec un esprit critique|Data
acheter des droits musicaux|Software
acoustique|Software
acquérir des composants système|Software
adapter des modèles existants à des changements de circonstances|AI/ML
adapter la capacité d’un système de TIC|Network
adapter le plan artistique au lieu|Software
administrer un système de TIC|Software
administrer un système de gestion de bases de données relationnelles|Software
aider des clients|Software
aider les utilisateurs de systèmes d'information|Software
aider à l'installation d'un système audio|Software
algorithmes|Software
algorithmisation des tâches|Software
aligner des antennes et des paraboles|AI/ML
aligner le logiciel sur l’architecture du système|AI/ML
améliorer la visibilité d’un site web|AI/ML
améliorer les processus d’entreprise|Software
analyse de données|Data
analyse de l’investissement|Data
analyse des applications décentralisées|Data
analyse des cas d’utilisation de la technologie de la chaîne de blocs|Data
analyse des entreprises|Data
analyse des risques d’utilisation d’un produit|Data
analyse des réseaux sociaux|AI/ML
analyse des soins de santé|Data
analyse empirique|Data
analyse marketing|Data
analyse quantitative|Data
analyser des mégadonnées|Data
analyser des procédures d’entreprise|Data
analyser la configuration et les performances du réseau|Data
analyser la scénographie|AI/ML
analyser le besoin de ressources techniques|AI/ML
analyser le concept artistique d’après les actions scéniques|AI/ML
analyser le processus de développement d’une organisation|Data
analyser les besoins en bande passante réseau|Data
analyser les capacités du personnel|Data
analyser les données de la base de données sur les canalisations de transport|Data
analyser les exigences des entreprises|Data
analyser les spécifications du logiciel|Data
analyser les systèmes d’information d’une organisation|Data
analyser un scénario|Data
analyser un système de TIC|Data
analyser une partition musicale|AI/ML
anomalies logicielles|QA/Test
application du concept de chaîne de blocs|Software
applications de la technologie de la chaîne de blocs|Software
appliquer des compétences de communication technique|Software
appliquer des méthodes statistiques de contrôle des procédés|Software
appliquer des normes de santé et de sécurité|Security
appliquer des opérations pour un environnement ITIL|Security
appliquer des outils de développement de contenu|Software
appliquer des politiques de sécurité de l’information|Security
appliquer des principes d’éthique et d’intégrité scientifique de la recherche dans les activités de recherche|Software
appliquer des procédures de gestion des risques|Software
appliquer des techniques d’analyse statistique|Data
appliquer des techniques d’imagerie 3D|Software
appliquer la gestion des conflits|Software
appliquer la gestion du changement|Software
appliquer la pensée systémique de conception|Software
appliquer la rétro-ingénierie|Software
appliquer la théorie des systèmes d’information et de communication|Software
appliquer les politiques d’une entreprise|Software
appliquer les politiques organisationnelles du système|Software
appliquer les politiques relatives à l’utilisation des systèmes TIC|Software
appliquer l’apprentissage mixte|AI/ML
apprentissage automatique|AI/ML
apprentissage profond|AI/ML
architecture de la chaîne de blocs|Software
architecture de l’information|Software
architectures matérielles|Software
archiver la documentation relative à l'œuvre|Software
assembler des séquences vidéo|Software
assister un opérateur multimédia|AI/ML
assister à des répétitions|Software
assister à des séances d’enregistrement de musique|Software
assurer la conception technique d'un système de sonorisation|Software
assurer la confidentialité des informations|AI/ML
assurer la conformité à une législation environnementale|Software
assurer la gestion de l’identité des TIC|Security
assurer la gestion de projets|Software
assurer la planification des ressources|Software
assurer la préservation légale des appareils numériques|AI/ML
assurer la relecture d’un texte|Software
assurer la sécurité de systèmes électriques mobiles|Data
assurer le contrôle de la qualité de la conception au cours d’une prestation|QA/Test
assurer le respect des exigences légales|Software
assurer le respect des normes TIC en matière d’organisation|Software
assurer le respect des réglementations de l’entreprise|Software
assurer une formation sur les TIC|Network
attention aux détails dans le cadre de la préparation des audits|QA/Test
automatiser les tâches en nuage|Software
avoir des connaissances en informatique|Software
avoir le sens des affaires|Software
base de connaissances|Software
base de données|Software
besoins des utilisateurs des systèmes d’information et de communication|Software
bibliothèques de composants logiciels|Data
biologie computationnelle|Data
bonne pratique en matière de sauvegarde de systèmes|Software
cadres d'architecture TIC|Software
cadres d’applications décentralisées|Software
cadres logiciels|Software
cadriciels des appareils mobiles|Data
calcul distribué|Software
calculer les coûts de conception|AI/ML
calibrer des instruments électroniques|Software
caractériser la gestion de l’identité fondée sur la technologie de la chaine de blocs|Software
caractéristiques des produits|Software
caractéristiques des services|Software
catégories de jeux numériques|QA/Test
catégorisation de l’information|Software
charger des bobines de films|Data
charger des équipements|Software
cinématographie|Software
collaborer avec des ingénieurs|Software
collaborer avec les archivistes de musique|Software
collaborer pour la création de costumes et de maquillages pour les spectacles|Software
collecter des données en matière de cyberdéfense|Data
collecter des données à des fins médico-légales|AI/ML
collecter les données|Data
coller des bobines de film|Data
communication et collaboration numériques|AI/ML
communiquer avec des cadres|Software
communiquer avec des clients|Software
communiquer avec les parties intéressées|Security
communiquer dans les services de la circulation aérienne|Software
communiquer des observations analytiques|Software
communiquer des résultats scientifiques|Software
communiquer les résultats d’analyse|Data
communiquer pendant le spectacle|Software
compiler des contenus|Software
composants de la chaîne de blocs|Software
composants matériels|Software
composer la description d'éléments web|Software
composer une coupure de début de morceau musical|Software
comprendre des concepts artistiques|Software
compréhension des produits|Software
conception créative|Software
conception de l’interaction du logiciel|Software
conception des systèmes|Software
concepts des télécommunications|Network
concevoir des interfaces d’application|Software
concevoir des interfaces pour les composants|Software
concevoir des réseaux en nuage|Network
concevoir la complexité de l’organisation|Software
concevoir les spécifications de sauvegarde des bases de données|Software
concevoir l’arrangement du matériel TIC|Network
concevoir un logiciel|Software
concevoir un réseau informatique|Network
concevoir un schéma de base de données|Software
concevoir un système d’information|Software
concevoir une base de données dans le nuage|Software
concevoir une infographie|Software
concevoir une interface utilisateur|Software
confidentialité de l’information|AI/ML
configurer la commande d’une machine|Software
configurer un enregistrement de base|Software
configurer un enregistrement multipiste|Software
configurer un système de TIC|Software
conseiller un client sur les possibilités techniques|Data
conservation numérique|Software
conserver l'agencement d'un système pendant une production|Software
consommation électrique des TIC|Software
construire des modèles prédictifs|AI/ML
construire des systèmes de recommandation|Software
consulter le directeur de production|Software
consulter les clients d'une entreprise|Software
consulter les intervenants sur la réalisation d’une production|Software
contextualiser une œuvre artistique|AI/ML
contrat intelligent|Software
contrôle statistique des processus|Software
contrôler la performance du système|Software
contrôler la qualité des transmissions|QA/Test
contrôler les dépenses|Software
convertir différents formats audiovisuels|Software
convivialité de l’application|AI/ML
coopérer avec des collègues|Security
coordonner de la musique avec des scènes|AI/ML
coordonner des activités dans un studio d’enregistrement|AI/ML
coordonner des activités technologiques|AI/ML
coordonner des équipes d’ingénieurs|AI/ML
coordonner les programmes de systèmes audio|AI/ML
criminalistique informatique|Security
cryptage dans le domaine des TIC|Security
cryptomonnaie|Software
création de contenus numériques|Software
création de texture 3D|Software
créer des arbres sémantiques|Software
créer des effets spéciaux|AI/ML
créer des ensembles de données|Software
créer des images animées|Software
créer des modèles de données|AI/ML
créer des modèles de processus d’entreprise|AI/ML
créer des schémas de base de données|Software
créer des traitements de données|Software
créer la maquette fonctionnelle d’un site web|Data
créer un appel à l’action|Software
créer un cadre artistique|AI/ML
créer un concept de jeu numérique|QA/Test
créer un intitulé|Software
créer un logiciel de test de jeux|QA/Test
créer un organigramme de programmation|Software
créer un prototype de solution en matière d’expérience utilisateur|Data
créer un réseau professionnel|Network
créer un réseau professionnel avec des chercheurs et des scientifiques|Network
créer une architecture d’entreprise|Software
créer une architecture en nuage|Software
cybersécurité|Security
cycle de développement logiciel|Software
cycle de vie d’un produit|Software
demander un financement de recherche|Software
dessin industriel|Software
dialoguer avec les parties prenantes|AI/ML
diffuser des résultats à la communauté scientifique|Software
diffuser en utilisant le protocole internet|Software
diriger une équipe|Software
dispenser une formation technique|Network
documenter sa propre pratique|Software
domaines d’application de la technologie de la chaîne de blocs|Software
donner des conseils en matière de renforcement de la sécurité|AI/ML
donner des conseils en matière de restauration environnementale|AI/ML
donner des conseils sur l'amélioration de la sécurité|AI/ML
donner des conseils sur la gestion de risques de sécurité|AI/ML
donner des instructions sur la mise en place d'équipements|AI/ML
données non structurées|Software
déboguer un logiciel|Software
décharger des équipements|Software
définir des concepts visuels|Software
définir des normes de qualité|Data
définir des normes d’organisation|Software
définir des politiques de conception de réseau TIC|Network
définir des règles de pare-feu|Network
définir des schémas comportementaux|Data
définir des schémas émotionnels|Data
définir la structure physique de la base de données|Software
définir les critères de qualité des données|Data
définir les politiques de sécurité|Security
définir les prescriptions techniques|Software
définir les spécifications d’un projet|Software
définir l’architecture logicielle|Software
définir une approche artistique|AI/ML
définir une stratégie d’intégration|Software
définir une stratégie technologique|Software
définition d’une feuille de route pour la mise en œuvre de la technologie de la chaine de blocs dans des applications|Software
délibérer avec un monteur de son|Software
démonter des équipements électroniques|Software
démontrer la fonctionnalité de jeux vidéo|QA/Test
déploiement de solutions|Network
déployer des ressources en nuage|Software
déployer des systèmes TIC|Software
déterminer les faiblesses d’un système TIC|AI/ML
développement en cascade|Software
développement par incréments|Software
développement par itérations|Software
développement par méthode agile|Software
développement par prototypage|Software
développement par spirales|Software
développement rapide d’applications|Software
développer des applications de traitement des données|Software
développer des architectures innovantes dans le domaine de la technologie de la chaine de blocs|Software
développer des exploits|Software
développer des idées créatives|Software
développer des idées de conception en groupe|AI/ML
développer des logiciels de statistique|Software
développer des méthodes de migration automatisées|Software
développer des tests logiciels automatisés|QA/Test
développer la technologie de la chaîne de blocs|Software
développer un flux de travail de TIC|Software
développer un moteur de jeu virtuel|Software
développer un pilote d’appareil TIC|Security
développer un prototype de logiciel|Software
développer une stratégie de sécurité de l’information|Security
développer une suite de tests TIC|QA/Test
développer à l’aide des services d’informatique en nuage|Software
effectuer de menues réparations sur des équipements|Software
effectuer des activités de recherche d’utilisateur de TIC|Data
effectuer des audits de la qualité|QA/Test
effectuer des contrôles du son|Software
effectuer des prévisions statistiques|Software
effectuer des recherches dans des bases de données|Software
effectuer des recherches sur des costumes|AI/ML
effectuer des sauvegardes|Software
effectuer des tests de récupération de logiciel|QA/Test
effectuer des tests de sécurité des TIC|Security
effectuer des tests système|QA/Test
effectuer l'analyse d'une entreprise|AI/ML
effectuer l’examen du code source|QA/Test
effectuer un contrôle de la qualité du contenu|QA/Test
effectuer un dépannage|Software
effectuer un nettoyage de données|Software
effectuer un test de logiciel|QA/Test
effectuer un travail de rédaction|Software
effectuer une analyse de données|Data
effectuer une analyse de données en ligne|Data
effectuer une analyse de risque|Data
effectuer une procédure d'escalade|Software
effectuer une réduction des dimensions|Software
effectuer une évaluation de l’impact des processus de TIC sur une entreprise|Data
emballer du matériel électronique|Software
empêcher les modifications involontaires d'une conception sonore|Software
engager des compositeurs|Software
enregistrement des incidents et des accidents|Data
enregistrer de la musique|Software
enregistrer en multipistes|Software
enregistrer les lectures de transmetteurs|Software
enseigner dans des contextes universitaires ou professionnels|AI/ML
entrepôt de données|Software
entretenir des relations avec des clients|Software
entretenir des équipements électriques|Software
entretenir du matériel audiovisuel|Software
entretenir du matériel de diffusion|Software
entretenir du matériel de projection|Software
entretenir du matériel de sonorisation|Software
entretenir du matériel électronique|Software
entretenir le matériel d’un réseau d’information|Network
environnement de développement intégré|Software
ergonomie informatique|QA/Test
estimation de l’état|Software
exigences légales concernant les produits dans le secteur des TIC|Software
expliquer les implications de la technologie de la chaine de blocs|Software
expliquer les principes des technologies de registres distribués|Software
exploration de données|Software
extraction de l’information|Software
exécuter des calculs mathématiques et analytiques|Software
exécuter des tests de logiciel|QA/Test
exécuter les procédures de passation de marchés|Software
exécuter simultanément plusieurs tâches|Software
exécuter un test d’intégration|QA/Test
faire du marketing par courrier électronique|AI/ML
faire fonctionner des instruments de mesure électronique|AI/ML
faire fonctionner du matériel audio|AI/ML
faire fonctionner du matériel de transmission à distance|AI/ML
faire fonctionner un commutateur téléphonique privé|AI/ML
faire preuve d’une expertise disciplinaire|Software
faire une présentation en direct|Data
finaliser un projet en respectant le budget|Software
fixer des objectifs d’assurance qualité|Data
flux de travail en mode fichier|Software
fonctionnement des appareils électroniques|Software
formation d’images|Software
formats de médias|AI/ML
former le personnel|Software
fournir des conseils en TIC|Software
fournir des informations|Data
fournir des instructions pour le développement de contenu|Software
fournir des rapports d’analyse coût-bénéfice|Data
fournir des solutions pour voitures connectées|Data
fournir du contenu multimédia|AI/ML
fournir du contenu écrit|Software
fournir la documentation de test logiciel|QA/Test
fournir la documentation utilisateur|Software
fournir une assistance TIC|Software
fournir une documentation technique.|Software
fournir une présentation visuelle des données|Software
fournisseurs de composants logiciels|Software
fournisseurs de composants matériels|Software
fourniture d’équipement de réseau TIC|Network
garantir la disponibilité d'équipements|Data
garantir la qualité visuelle du décor|QA/Test
garantir la satisfaction des clients|Software
garantir la sécurité d'informations|Data
genres musicaux|Software
gestion de configuration de projet|Software
gestion de l'assurance de la qualité des appels|QA/Test
gestion de l’identité numérique|Software
gestion de projets|Software
gestion de projets TIC|Software
gestion de projets allégée|Software
gestion de projets par méthode Agile|Software
gestion des appareils mobiles|Data
gestion des données produit|Software
gestion des liaisons de télécommunication|AI/ML
gestion des risques|Security
gouvernance durable des entreprises|Software
gouvernance d’Internet|Security
génie informatique|DevOps
génie électrique|Software
gérer des clés pour la protection des données|Security
gérer des contrats|Software
gérer des documents numériques|Software
gérer des données de recherche|Software
gérer des données interopérables et réutilisables faciles à trouver et accessibles|Software
gérer des données juridiques|AI/ML
gérer des données quantitatives|Software
gérer des environnements TIC de virtualisation|Network
gérer des fournitures|Software
gérer des projets de création de contenu|AI/ML
gérer des publications ouvertes|Software
gérer des stocks|Software
gérer des systèmes de collecte de données|Software
gérer des versions d’un logiciel|Software
gérer du contenu en ligne|Software
gérer la classification des données sur les TIC|Software
gérer la conformité en matière de sécurité des TIC|Security
gérer la documentation de manière adéquate|Security
gérer la localisation|Data
gérer la qualité de l’éclairage d’un spectacle|QA/Test
gérer la qualité sonore|QA/Test
gérer la sécurité du système|Security
gérer le développement professionnel personnel|Software
gérer le personnel|Software
gérer le programme de communication des données de vol|Software
gérer le retour de biens loués|Data
gérer le son dans le studio de répétition|Software
gérer le stress|Data
gérer le système normalisé de planification des ressources d'une entreprise|Software
gérer le travail d’équipe|Software
gérer les budgets|Software
gérer les changements dans un système de TIC|Software
gérer les connaissances du marché|Software
gérer les connaissances en vue d’une incidence stratégique|Software
gérer les conséquences de l’obsolescence des TIC|Data
gérer les données|Software
gérer les données et le stockage dans l’informatique en nuage|Software
gérer les droits de propriété intellectuelle|Software
gérer les incidents de cybersécurité|Data
gérer les locations en retard|Software
gérer les métadonnées de contenu|Software
gérer les normes d’échange de données|Software
gérer les plans de reprise d’activité|Security
gérer les problèmes soumis au service d’assistance|Software
gérer l’administration du personnel|Software
gérer l’approbation d’un système installé|Software
gérer l’architecture des données TIC|Software
gérer l’incidence environnementale des activités|Software
gérer l’intégration sémantique des TIC|Software
gérer un plan de continuité des opérations|Data
gérer un planning de tâches|Data
gérer un processus informatisé de demande de modifications|Software
gérer un projet TIC|AI/ML
gérer un projet d'ingénierie|Software
gérer un service d’hébergement et de messagerie électronique|Network
gérer un stock de consommables|Software
gérer un stock de ressources techniques|Software
gérer un système de téléphonie|Software
gérer un système de télévision en circuit fermé|Security
gérer un système d’alarme|Security
gérer une base de données|Software
gérer une identité numérique|Software
gérer une équipe|Data
histoire de la technologie de la chaîne de blocs|Software
iOS|Data
identifiants décentralisés|AI/ML
identifier des processus de restructuration|Software
identifier les besoins des clients|Software
identifier les besoins des utilisateurs de TIC|Data
identifier les besoins technologiques|Software
identifier les exigences des clients|Software
identifier les exigences légales|Software
identifier les fournisseurs|Network
identifier les risques de sécurité des TIC|Security
infographie|Software
informatique|Software
informatique cognitive|Software
informatique décisionnelle|Software
informatique quantique|Software
informatique scientifique|Software
informer sur la confidentialité des données|AI/ML
informer sur les normes de sécurité sur le lieu de travail|Security
infrastructure des TIC|Software
ingénierie de la sécurité|Security
ingénierie de sécurité|Security
ingénierie des réseaux|Network
ingénierie des systèmes basée sur des modèles|AI/ML
ingénierie en mégadonnées|Software
innover dans les TIC|Software
installer des caméras|Software
installer des câbles basse tension|Software
installer des répéteurs de signal|Network
installer des écrans de contrôle des processus|Software
installer des équipements en temps opportun|Software
installer du matériel de projection|Software
installer le matériel de projection d'image|Software
installer un logiciel antivirus|Software
installer un pare-feu|Network
installer un système de renforcement du son|Software
installer un équipement de communications électroniques|Network
installer une protection anti-spam|Network
instruments de musique|Software
interagir avec les utilisateurs pour définir leurs exigences|Data
interpréter des données actuelles|Software
interpréter des exigences techniques|Software
interpréter des intentions artistiques|Software
interpréter des plans de sol|Software
interpréter des textes techniques|Software
interpréter les spécifications de conception électronique|Software
intervenir avec des actions sur scène|Software
intervenir en tant que coach auprès des employés|Software
intervenir en tant que coach auprès du personnel pour réaliser le spectacle|AI/ML
intégration de systèmes de TIC|Software
intégrer des données TIC|Software
intégrer du contenu à des médias de sortie|AI/ML
intégrer la dimension de genre dans la recherche|Software
intégrer les composants d’un système|Software
lancer une projection|Software
langage de modélisation unifié|Software
langage de requête Cadre de Description des Ressources|Software
langages de programmation des contrats intelligents|Software
langages de requête|Software
langages des feuilles de style|Software
lecteur d’écran|Data
limites des câbles réseau|Network
lire des plans standard|Software
lire une partition de musique|AI/ML
littérature scientifique|Software
logiciel de conception assistée par ordinateur|Software
logiciel de création|Software
logiciel de négociation|AI/ML
logiciel de système d'analyse statistique|Data
logiciel de visualisation des données|Software
logiciel d’édition graphique|Software
logiciels bancaires de base|Software
logiciels industriels|Data
législation sociale|AI/ML
législation sur la sécurité des TIC|Security
législation sur les droits d'auteur|Software
maintenir la configuration IP|Network
maintenir la sécurité d’une base de données|Security
maintenir les performances d’une base de données|Software
maintenir un serveur|Software
maintenir un système de TIC|Software
maintenir une conception réactive|Software
marché des TIC|Software
marquer des bobines de film|Data
mastering audio|Software
mathématiques|Software
matériel audiovisuel|Software
matériel de projection|Software
matériel de télé- ou radiodiffusion|Software
menaces de sécurité|AI/ML
menaces de sécurité des applications web|Security
mener des exercices de reprise d’activité|AI/ML
mener des recherches documentaires|AI/ML
mener des recherches interdisciplinaires|AI/ML
mener des recherches qualitatives|AI/ML
mener des recherches quantitatives|AI/ML
mener des recherches universitaires|AI/ML
mener un entretien de recherche|AI/ML
mener une étude de faisabilité|AI/ML
mesure de l’audience d’un site internet|AI/ML
mesurer l’ergonomie d’un logiciel|Data
mesures de lutte contre les cyberattaques|Security
mettre au point des dispositifs de scan des aliments|Software
mettre au point des logiciels libres|Software
mettre au point un logiciel d’élaboration de rapports|Software
mettre au point un système de vision par ordinateur|Software
mettre en place des programmes de formation à la cybersécurité|Security
mettre en place des équipements périphériques audiovisuels|Software
mettre en place du matériel de diffusion|Software
mettre en place du matériel multimédia|AI/ML
mettre en place un réseau privé virtuel|Network
mettre en place un équipement de transmission mobile portable|Data
mettre en place un équipement sonore|Software
mettre en œuvre des constructions cryptographiques|Software
mettre en œuvre des contrats intelligents|Software
mettre en œuvre des outils de diagnostic d’un réseau TIC|AI/ML
mettre en œuvre des processus de qualité des données|Data
mettre en œuvre la gestion des risques des TIC|Software
mettre en œuvre la gouvernance d’entreprise|Security
mettre en œuvre la sécurité et le respect des règles en matière d’informatique en nuage|Security
mettre en œuvre le design front end d’un site web|Software
mettre en œuvre les politiques de sécurité des TIC|Security
mettre en œuvre les techniques de stockage des données|Software
mettre en œuvre un système de gestion|Software
mettre en œuvre un système de reprise d’activité|Software
mettre en œuvre une planification stratégique|AI/ML
mettre à jour le micrologiciel|Software
mettre à jour les résultats d'une conception pendant les répétitions|AI/ML
mettre à jour un budget|Software
mettre à profit les médias sociaux à des fins de marketing|AI/ML
mise en place d’un système de gestion de la sécurité de l’information|Security
mixer des images en direct|Software
mixer le son en direct|Software
mobile marketing|AI/ML
modifier des images animées numériques|Software
modifier une bande-son|Software
modèle d’externalisation|AI/ML
modèle en code source ouverte|AI/ML
modèle hybride|AI/ML
modèles de chaînes de blocs|AI/ML
modèles de données|AI/ML
modèles de qualité des processus d’information et de communication|AI/ML
modèles d’architecture logicielle|AI/ML
modélisation 3D|Software
modélisation de processus d’entreprise|Software
modélisation mathématique|Software
modélisation orientée objet|Software
modélisation orientée services|Software
monter les équipements de la représentation|Software
mots-clés dans du contenu numérique|AI/ML
moyens de communication numériques|Software
mécanique|Software
mécanismes de consensus dans la chaîne de blocs|Software
mécatronique|Software
médias interactifs|AI/ML
méthode de gestion de projets procédurale|Software
méthodes de consultation|Software
méthodes de développement de logiciels|Data
méthodes de gestion de projets TIC|Software
méthodes de vente de TIC|Software
méthodes d’analyse de la performance des TIC|Data
méthodes d’assurance qualité|QA/Test
méthodes d’essai de matériel informatique|Software
méthodes d’investigation|AI/ML
méthodologie de recherche scientifique|Software
métrique logicielle|Data
nettoyer le matériel|Software
niveaux de test logiciels|QA/Test
normaliser les données|Data
normes de construction écologique|Software
normes de qualité|QA/Test
normes de qualité des bases de données|QA/Test
normes de réseau|Network
normes de sécurité des TIC|Security
normes d’accessibilité TIC|Data
notation musicale|Software
numérisation|Software
objectifs de contrôle de l’information et des technologies associées|Security
offrir des services de suivi de la clientèle|Software
optimisation de la qualité et de la durée des cycles|QA/Test
optimiser le choix d’une solution TIC|Software
optique|Software
organiser des compositions|Software
organiser les ressources pour une production artistique|Software
orienter des clients|Software
outil de test d’intrusion|AI/ML
outils de débogage TIC|Software
outils de développement de bases de données|Software
outils de gestion de configuration logicielle|Software
outils de système de gestion de réseau|Network
outils d’automatisation de test TIC|QA/Test
outils d’extraction de transformation et de chargement|Software
ouverture de la chaîne de blocs|Software
parler plusieurs langues|Software
parrainer des individus|AI/ML
pensée systémique|Software
photographie|Software
physique mathématique|Software
pièces de machines de tournage|Software
plan de recherche|Data
planifier des prises de vue|Software
planifier des stratégies de marketing numérique|AI/ML
planifier le processus de recherche|Software
planifier les capacités TIC|Software
planifier un enregistrement audiovisuel|Software
planifier un test logiciel|Data
planifier une migration vers l’informatique en nuage|Software
plans de câblage électrique|Software
plans directeurs|Software
plateformes collaboratives en ligne|Software
plateformes de chaînes de blocs|Software
plateformes d’aide en ligne|Software
plateformes matérielles|Software
politique de gestion interne des risques|Security
politique de qualité des TIC|QA/Test
politiques environnementales des TIC|Software
post-production audio|Software
pratiquer des mouvements de caméra|Software
prendre des décisions commerciales stratégiques|AI/ML
prendre des décisions fondées sur les données|Data
principes de la technologie des registres distribués|Software
principes de leadership|Data
principes de l’intelligence artificielle|Software
principes de stratégie d’entreprise|Software
principes de sécurité des applications de la technologie de la chaîne de blocs|Security
principes de sécurité des données|Security
principes des micro-ondes|Software
principes du minage et de la technologie de la chaine de blocs|Software
principes du piratage éthique|Security
principes du travail d'équipe|Software
principes d’animation|QA/Test
principes d’ingénierie|Software
processus d'ingénierie|Software
processus de conception|Software
processus de conception des systèmes fondés sur la technologie de la chaîne de blocs|Software
processus de création de contenu|Software
processus de production cinématographique|Software
processus d’innovation|Software
procéder au dépannage des TIC|Software
procéder à la reprogrammation de l’informatique en nuage|Software
procéder à l’extraction de données|Software
procéder à l’optimisation des moteurs de recherche|Software
procédures normalisées de défense|Software
procédés d'une entreprise|AI/ML
procédés de fabrication|Software
produits audiovisuels|Software
programmation de systèmes de TIC|Software
programmation informatique|Software
programmation web|Software
programmer des indications sonores|Software
programmer une commande CNC|Software
promouvoir la sensibilisation à l'environnement|Data
promouvoir le transfert de connaissances|Software
promouvoir l’engagement du public dans la recherche|Software
promouvoir l’innovation ouverte dans la recherche|Software
proposer des améliorations à une production artistique|AI/ML
proposer des solutions TIC aux problèmes des entreprises|AI/ML
proposer une formation sur les avancées technologiques pour les entreprises|AI/ML
prospecter de nouveaux clients|Software
protection des données|Security
protocoles de communication dans le domaine des TIC|Software
protocoles de consensus pour les technologies de registres distribués|Software
protéger des données à caractère personnel et la vie privée|Network
protéger les dispositifs TIC|Data
préparer des accords de licence|Network
préparer des rapports d’audit financier|Software
préparer le matériel sonore sur scène|Software
préparer un environnement de travail personnel|Software
présenter des preuves|AI/ML
présenter des propositions de conception artistique|AI/ML
présenter des rapports|Software
préserver la qualité artistique d’un spectacle|QA/Test
prévenir la survenue d’incendies dans un lieu de spectacle|Software
prévoir des risques opérationnels|Security
prévoir la charge de travail|Software
prévoir les besoins futurs d’un réseau TIC|Network
psychologie cognitive|Software
publier des recherches universitaires|Software
recenser les logiciels de gestion d’entrepôts|Software
recenser les possibilités d’innovation liées à la technologie de la chaîne de blocs|Data
recevoir des autorisations appropriées pour l’utilisation d’exemples d’enregistrements audiovisuels|Software
recherche opérationnelle|Software
recherche pluridisciplinaire|Data
rechercher de nouvelles idées|AI/ML
reconnaissance d’images|Software
reconnaître les domaines d’application de la technologie de la chaîne de blocs|Software
reconnaître les risques liés à la technologie de la chaîne de blocs|Software
recueillir les commentaires des clients sur des applications|Software
renseignements de police technique|AI/ML
reproduire les problèmes du logiciel client|QA/Test
respect de la gouvernance de l'information|Software
respecter des délais|Software
respecter des lignes directrices d’organisation d’une entreprise|Software
respecter des procédures de travail|Software
respecter les normes d’une entreprise|Software
respecter un planning de travail|Software
risques de sécurité des réseaux de TIC|Security
routage de réseau|Network
règles communes de sécurité en matière d'aviation|AI/ML
réalisation de tests d’ingénierie sociale|AI/ML
réaliser des audits de conformité contractuelle|Software
réaliser des audits informatiques|Software
réaliser des images avec effet 3D|Software
réaliser des recherches scientifiques|Software
réaliser des ébauches|Software
réaliser une étude de marché|AI/ML
réalité augmentée|Software
rédiger des documents scientifiques ou articles universitaires et des documents techniques|Software
rédiger des projets de recherche|Software
rédiger des publications scientifiques|Software
rédiger des rapports d’incidents|Data
rédiger des rapports sur des questions environnementales|Software
rédiger des rapports sur le travail|Software
rédiger les conclusions d’un test|QA/Test
réfléchir de manière abstraite|Software
réglementation des services fondés sur la technologie de la chaine de blocs|Software
réglementation en matière de santé et de sécurité|Security
réglementation en matière de télécommunications|Software
régler des systèmes audio sans fil|Software
régler les transmissions vidéo|Software
régler un projecteur|Software
réparer des appareils TIC|Software
réparer des équipements sur place|Software
répondre aux demandes des clients|Software
répondre à des appels entrants|Software
réseau de portes programmables|Network
réseaux neuronaux artificiels|Network
résilience organisationnelle|Security
résolution des problèmes à l'aide d'outils et de matériel TIC|Software
résoudre des incidents liés à l’informatique en nuage|Software
résoudre les problèmes des systèmes d’information|Software
réécrire des partitions de musique|Software
s'adapter au type de média|AI/ML
schéma de conception d’interface utilisateur|Software
science des mégadonnées|Software
sciences du comportement|Data
se conformer aux réglementations juridiques|Software
se familiariser avec les styles propres aux metteurs en scène|AI/ML
serveurs mandataires|Data
services de conseil en matière de durabilité|Data
services de noms de domaine|Software
services d’annuaire|Software
services web|Software
signaler les débuts de morceau à des annonceurs|Software
simulation de réseaux TIC|Network
simulation sur ordinateur|Software
site web de dépannage|Software
souder de l’électronique|Network
soutenir un concepteur dans le processus de développement|Software
spécifications relatives aux logiciels TIC|Software
standards du World Wide Web Consortium|Software
statistiques|Software
stockage de données|Software
stocker des bobines de film|Data
stocker des données et des systèmes numériques|Software
stocker des équipements de représentation|Software
stratégie de crowdsourcing|Software
stratégie de marketing de contenu|AI/ML
stratégie de publication|Software
stratégie de sécurité de l’information|Security
stratégie d’externalisation|Software
stratégie d’internalisation|Software
stratégies de planification des capacités TIC|Software
stratégies de vente|AI/ML
stratégies d’organisation|Software
structure de l’information|Software
structure organisationnelle|Software
structurer des bandes-son|Software
suivre des indicateurs clés de performance|AI/ML
suivre la performance des canaux de communication|Software
suivre la recherche dans le domaine des TIC|Software
suivre les avancées dans un domaine d’expertise|Security
suivre les consignes d’un directeur artistique|Software
suivre les procédures de sécurité pour un travail en hauteur|Security
suivre les tendances|Software
suivre les tendances technologiques|Software
suivre les évolutions en matière de solutions de systèmes d’information|Software
superviser la coopération entre les services|Security
superviser le développement d’un logiciel|Software
superviser une production sonore|Software
superviser une équipe de tournage|Software
supporter la pression face à l’imprévu|Software
supporter le stress|Software
supprimer un virus informatique ou un logiciel malveillant d’un ordinateur|Software
surveillance du nuage et compte rendu|Software
surveiller des tendances sociologiques|AI/ML
surveiller la saisie de données|Software
surveiller le contrôle de la qualité|QA/Test
surveiller le mixage dans une situation en direct|Software
surveiller l’évolution d’une technologie utilisée en conception|AI/ML
synchroniser avec des mouvements de bouche|Software
synchroniser du son et des images|Software
synthétiser des informations|Software
synthétiser des publications de recherche|Software
système de gestion de la batterie|Software
système interorganisationnel de logiciels médiateurs|AI/ML
système temps réel|Software
systèmes TIC de l’entreprise|Data
systèmes de gestion de base de données|Software
systèmes de signature de la technologie de la chaîne de blocs|Software
systèmes d’aide à la décision|Data
systèmes d’exploitation|Software
systèmes d’exploitation mobiles|Data
systèmes embarqués|Software
systèmes multimédia|AI/ML
systèmes numériques|Software
systèmes économiques fondés sur la technologie de la chaîne de blocs|Software
sécuriser les informations confidentielles de clients|AI/ML
sécurité des TIC|Security
sécurité et conformité du nuage|Security
sélection directe à l’arrivée|Software
sélectionner des ouvertures de caméra|AI/ML
sélectionner une source d'enregistrement|AI/ML
s’adapter aux changements des plans de développement technologique|Software
s’adapter aux exigences créatives d’artistes|Software
s’adapter à des changements de situation|AI/ML
tactiques opérationnelles pour les réactions aux situations d’urgence|Data
techniques d'éclairage|Software
techniques de marketing des médias sociaux|AI/ML
techniques de marketing numérique|AI/ML
techniques de modélisation statistique|Software
techniques de modération en ligne|Data
techniques de musique de film|Software
techniques de présentation visuelle|Data
techniques de récupération des données|Software
techniques de résolution de problèmes|Data
techniques d’analyse et de définition des besoins de l’entreprise|Data
techniques d’audit|Security
techniques d’interface|Software
techniques vocales|Software
technologie audio|Software
technologie de contrôle des installations techniques des bâtiments|Data
technologie de la chaîne de blocs|Software
technologie du jumeau numérique|Software
technologie informatique|Software
technologies de dématérialisation|AI/ML
technologies durables|Software
technologies économes en ressources|Software
technologies émergentes|Software
tenir des registres de travaux|Software
tenir à jour ses connaissances des produits|Software
terminologie de la technologie de la chaîne de blocs|Software
tester des requêtes TIC|QA/Test
tester l’accessibilité d’un système pour des utilisateurs ayant des besoins spécifiques|Data
théorie de la musique|Software
théorie de l’électronique analogique|Software
théorie des jeux|Software
théorie des systèmes|Software
théorie du contrôle d'ingénierie|Software
traduire des concepts artistiques en conceptions techniques|Software
traduire les exigences en conception visuelle|Software
traduire les exigences en contenu|Software
traitement analytique en ligne|Software
traitement automatique du langage naturel|Software
traitement de données numériques|Software
traitement du signal|Software
traitement numérique d’images|Software
traiter des données|Software
traiter des échantillons de données|Data
transcrire des idées en notation musicale|Software
transférer des données existantes|Software
transférer du matériel audiovisuel non découpé sur un ordinateur|Software
transposer de la musique|Software
travailler au sein d’une équipe de transport aérien|Software
travailler avec des compositeurs|Software
travailler avec un directeur de la photographie|Software
travailler avec une équipe artistique|Software
travailler avec une équipe d'éclairage|Software
travailler avec une équipe de montage cinématographique|Software
travailler de façon ergonomique|Software
travailler en respectant sa propre sécurité|Security
travailler en toute sécurité avec des machines|Security
travailler en toute sécurité avec des produits chimiques|Security
travailler en toute sécurité avec des systèmes électriques mobiles sous surveillance|Data
trigonométrie|Software
trouver des solutions aux problèmes|Software
types de documentation|Data
types de formats audiovisuels|Software
utiliser de la documentation technique|Software
utiliser des bases de données|Software
utiliser des bibliothèques logicielles|Data
utiliser des expressions valides|Data
utiliser des instruments de mesure|Software
utiliser des langages de balisage|Software
utiliser des langages de requête|Software
utiliser des manuels de réparation|Software
utiliser des méthodes de conception centrée sur l’utilisateur|Software
utiliser des outils de génie logiciel assisté par ordinateur|Software
utiliser des outils de précision|Network
utiliser des outils de sauvegarde et de récupération|Software
utiliser des outils technologiques pour des enquêtes de police scientifique|AI/ML
utiliser des patrons de conception|Software
utiliser des processeurs de signaux audio|Software
utiliser des scénarimages|Software
utiliser des systèmes d’appui à la décision|Security
utiliser des systèmes d’ingénierie assistés par ordinateur|Software
utiliser des techniques de traitement des données|Software
utiliser des technologies numériques de façon créative|Software
utiliser des types de contenu|Software
utiliser des équipements de communication|Software
utiliser des équipements de protection individuelle|Software
utiliser différents moyens de communication|Software
utiliser du matériel TIC|Software
utiliser du matériel de diffusion|Software
utiliser du matériel de sonorisation en direct|Software
utiliser du matériel vidéo|Software
utiliser la programmation automatique|Software
utiliser la programmation concurrente|Software
utiliser la programmation de scripts|Software
utiliser la programmation fonctionnelle|QA/Test
utiliser la programmation logique|Software
utiliser la programmation orientée objet|Software
utiliser le langage IDL|Software
utiliser les services en ligne|Software
utiliser l’apprentissage automatique|AI/ML
utiliser un contrôleur de session en périphérie|Software
utiliser un logiciel d'organisation personnelle|Software
utiliser un logiciel de CAO|Software
utiliser un logiciel de FAO|Software
utiliser un logiciel de conception spécialisé|AI/ML
utiliser un logiciel de conservation des données|AI/ML
utiliser un logiciel de contrôle d’accès|Software
utiliser un logiciel de dessin technique|Software
utiliser un logiciel de gestion de la relation avec le client|Software
utiliser un logiciel de présentation|Software
utiliser un logiciel de reproduction audio|Software
utiliser un logiciel de système de gestion de contenu|Software
utiliser un logiciel de tableur|Software
utiliser un logiciel de traitement de texte|Software
utiliser un projecteur|Software
utiliser un serveur média|AI/ML
utiliser un système de billetterie informatisée|Data
utiliser un système de communication complexe|Software
utiliser un tour|Software
utiliser un télécinéma|Software
utiliser une caméra|Software
utiliser une carte d’expérience|Data
utiliser une console de mixage audio|Software
utiliser une interface spécifique à une application|Software
vecteurs d’attaque|Software
veiller à la qualité des systèmes d’information et de communication|QA/Test
vision par ordinateur|Software
vulnérabilités des technologies de registres distribués|Data
vérifier des bobines de film|Data
vérifier la faisabilité|AI/ML
vérifier les spécifications formelles des TIC|Software
éclairage 3D|Software
écrire la documentation d’une base de données|Software
écrire l’histoire d’un jeu numérique|QA/Test
éditeur audio|Software
élaborer des contenus numériques|Software
élaborer des normes d’information|QA/Test
élaborer des plans d'urgence en cas d'urgences|Software
élaborer des rapports de statistiques financières|Software
élaborer un calendrier de programmation|Software
élaborer un concept|AI/ML
élaborer un modèle d’interaction|AI/ML
élaborer un plan d’audit|Software
élaborer un processus de production théâtrale|AI/ML
élaborer une production artistique|Software
élaborer une stratégie pour résoudre les problèmes|Data
électricité|Software
électromagnétisme|Software
équilibrer les ressources d’une base de données|Software
équipement d’interconnexion réseau|Network
établir des relations d'affaires|Software
établir la configuration d’instruments|Software
établir la documentation conformément aux exigences légales|Data
établir un ordre de priorités de demandes|Software
établir un plan de sécurité des TIC|Security
éthique|Software
éthique des données|Data
étudier des schémas comportementaux sur des sites internet|Software
étudier des sources de médias|AI/ML
évaluation de la qualité de données|QA/Test
évaluation des risques et des menaces|Security
évaluer des activités de recherche|Software
évaluer la durée de travail|Software
évaluer la qualité sonore|QA/Test
évaluer les architectures dans le domaine de la technologie de la chaine de blocs|Software
évaluer les besoins d'électricité|Software
évaluer les commentaires des clients|Data
évaluer les connaissances en TIC|Software
évaluer l’interaction des utilisateurs avec les applications des TIC|Data
